---------------------------------------------------------
-- USERS (10 users)
---------------------------------------------------------
INSERT INTO users (user_uuid, email, mobile_number, role, created_at, updated_at, account_status)
VALUES
('11111111-1111-4111-8111-111111111111', 'user1@mail.com', '9000000001', 'NORMAL_USER', CURRENT_TIMESTAMP, CURRENT_TIMESTAMP, 'ACTIVE'),
('22222222-2222-4222-8222-222222222222', 'user2@mail.com', '9000000002', 'NORMAL_USER', CURRENT_TIMESTAMP, CURRENT_TIMESTAMP, 'ACTIVE'),
('33333333-3333-4333-8333-333333333333', 'user3@mail.com', '9000000003', 'NORMAL_USER', CURRENT_TIMESTAMP, CURRENT_TIMESTAMP, 'ACTIVE'),
('44444444-4444-4444-8444-444444444444', 'user4@mail.com', '9000000004', 'ADMIN', CURRENT_TIMESTAMP, CURRENT_TIMESTAMP, 'ACTIVE'),
('55555555-5555-4555-8555-555555555555', 'user5@mail.com', '9000000005', 'NORMAL_USER', CURRENT_TIMESTAMP, CURRENT_TIMESTAMP, 'ACTIVE'),
('66666666-6666-4666-8666-666666666666', 'user6@mail.com', '9000000006', 'NORMAL_USER', CURRENT_TIMESTAMP, CURRENT_TIMESTAMP, 'ACTIVE'),
('77777777-7777-4777-8777-777777777777', 'user7@mail.com', '9000000007', 'NORMAL_USER', CURRENT_TIMESTAMP, CURRENT_TIMESTAMP, 'ACTIVE'),
('88888888-8888-4888-8888-888888888888', 'user8@mail.com', '9000000008', 'NORMAL_USER', CURRENT_TIMESTAMP, CURRENT_TIMESTAMP, 'ACTIVE'),
('99999999-9999-4999-8999-999999999999', 'user9@mail.com', '9000000009', 'NORMAL_USER', CURRENT_TIMESTAMP, CURRENT_TIMESTAMP, 'ACTIVE'),
('aaaaaaaa-aaaa-4aaa-8aaa-aaaaaaaaaaaa', 'user10@mail.com', '9000000010', 'NORMAL_USER', CURRENT_TIMESTAMP, CURRENT_TIMESTAMP, 'ACTIVE');

---------------------------------------------------------
-- USER PROFILE (10 profiles)
---------------------------------------------------------
INSERT INTO user_profile (
    user_profile_uuid, user_uuid, first_name, middle_name, last_name,
    profile_picture_url, bio, gender, date_of_birth, location,
    created_at, updated_at, verification_status
)
VALUES
('b1111111-1111-4b11-8111-111111111111', '11111111-1111-4111-8111-111111111111', 'John', NULL, 'Doe', NULL, 'Bio 1', 'MALE', '1995-01-01', 'Bangalore', CURRENT_TIMESTAMP, CURRENT_TIMESTAMP, 'PENDING'),
('b2222222-2222-4b22-8222-222222222222', '22222222-2222-4222-8222-222222222222', 'Mary', NULL, 'Jane', NULL, 'Bio 2', 'FEMALE', '1997-02-02', 'Hyderabad', CURRENT_TIMESTAMP, CURRENT_TIMESTAMP, 'PENDING'),
('b3333333-3333-4b33-8333-333333333333', '33333333-3333-4333-8333-333333333333', 'Ravi', 'K', 'Sharma', NULL, 'Bio 3', 'MALE', '1993-03-03', 'Chennai', CURRENT_TIMESTAMP, CURRENT_TIMESTAMP, 'APPROVED'),
('b4444444-4444-4b44-8444-444444444444', '44444444-4444-4444-8444-444444444444', 'Admin', NULL, 'User', NULL, 'Admin Bio', 'MALE', '1990-04-04', 'Delhi', CURRENT_TIMESTAMP, CURRENT_TIMESTAMP, 'REJECTED'),
('b5555555-5555-4b55-8555-555555555555', '55555555-5555-4555-8555-555555555555', 'Priya', NULL, 'Singh', NULL, 'Bio 5', 'FEMALE', '1996-05-05', 'Mumbai', CURRENT_TIMESTAMP, CURRENT_TIMESTAMP, 'PENDING'),
('b6666666-6666-4b66-8666-666666666666', '66666666-6666-4666-8666-666666666666', 'Amit', NULL, 'Khan', NULL, 'Bio 6', 'MALE', '1992-06-06', 'Pune', CURRENT_TIMESTAMP, CURRENT_TIMESTAMP, 'APPROVED'),
('b7777777-7777-4b77-8777-777777777777', '77777777-7777-4777-8777-777777777777', 'Neha', NULL, 'Verma', NULL, 'Bio 7', 'FEMALE', '1994-07-07', 'Kolkata', CURRENT_TIMESTAMP, CURRENT_TIMESTAMP, 'PENDING'),
('b8888888-8888-4b88-8888-888888888888', '88888888-8888-4888-8888-888888888888', 'Arun', NULL, 'Nair', NULL, 'Bio 8', 'MALE', '1991-08-08', 'Delhi', CURRENT_TIMESTAMP, CURRENT_TIMESTAMP, 'APPROVED'),
('b9999999-9999-4b99-8999-999999999999', '99999999-9999-4999-8999-999999999999', 'Sara', NULL, 'Mathews', NULL, 'Bio 9', 'FEMALE', '1998-09-09', 'Kochi', CURRENT_TIMESTAMP, CURRENT_TIMESTAMP, 'PENDING'),
('baaaaaaa-aaaa-4baa-8aaa-aaaaaaaaaaaa', 'aaaaaaaa-aaaa-4aaa-8aaa-aaaaaaaaaaaa', 'Kiran', NULL, 'Rao', NULL, 'Bio 10', 'MALE', '1995-10-10', 'Bangalore', CURRENT_TIMESTAMP, CURRENT_TIMESTAMP, 'REJECTED');

---------------------------------------------------------
-- SOCIAL HANDLES (10 entries, 5 users × 2 handles)
---------------------------------------------------------
INSERT INTO social_handle (
  social_handle_uuid, user_uuid, platform, platform_url,
  created_at, updated_at
)
VALUES
('11111111-1111-4111-8111-aaaaaaaaaaaa', '11111111-1111-4111-8111-111111111111', 'INSTAGRAM', 'https://insta.com/user1', CURRENT_TIMESTAMP, CURRENT_TIMESTAMP),
('11111111-1111-4111-8111-bbbbbbbbbbbb', '11111111-1111-4111-8111-111111111111', 'YOUTUBE', 'https://linkedin.com/user1', CURRENT_TIMESTAMP, CURRENT_TIMESTAMP),

('22222222-2222-4222-8222-cccccccccccc', '22222222-2222-4222-8222-222222222222', 'INSTAGRAM', 'https://insta.com/user2', CURRENT_TIMESTAMP, CURRENT_TIMESTAMP),
('22222222-2222-4222-8222-dddddddddddd', '22222222-2222-4222-8222-222222222222', 'YOUTUBE', 'https://x.com/user2', CURRENT_TIMESTAMP, CURRENT_TIMESTAMP),

('33333333-3333-4333-8333-eeeeeeeeeeee', '33333333-3333-4333-8333-333333333333', 'INSTAGRAM', 'https://insta.com/user3', CURRENT_TIMESTAMP, CURRENT_TIMESTAMP),
('33333333-3333-4333-8333-ffffffffffff', '33333333-3333-4333-8333-333333333333', 'YOUTUBE', 'https://linkedin.com/user3', CURRENT_TIMESTAMP, CURRENT_TIMESTAMP),

('44444444-4444-4444-8444-111111111111', '44444444-4444-4444-8444-444444444444', 'INSTAGRAM', 'https://insta.com/admin', CURRENT_TIMESTAMP, CURRENT_TIMESTAMP),
('44444444-4444-4444-8444-222222222222', '44444444-4444-4444-8444-444444444444', 'YOUTUBE', 'https://x.com/admin', CURRENT_TIMESTAMP, CURRENT_TIMESTAMP),

('55555555-5555-4555-8555-333333333333', '55555555-5555-4555-8555-555555555555', 'INSTAGRAM', 'https://insta.com/user5', CURRENT_TIMESTAMP, CURRENT_TIMESTAMP),
('55555555-5555-4555-8555-444444444444', '55555555-5555-4555-8555-555555555555', 'YOUTUBE', 'https://linkedin.com/user5', CURRENT_TIMESTAMP, CURRENT_TIMESTAMP);

INSERT INTO verification (
    verification_uuid, user_uuid, document_type, document_number, document_image_url,
    verification_status, verification_remarks, verified_at, verified_by, created_at, updated_at
)
VALUES
('11111111-1111-4111-8111-111111111111', '11111111-1111-4111-8111-111111111111', 'AADHAAR', 'DOC001', 'url1', 'PENDING', NULL, NULL, NULL, CURRENT_TIMESTAMP, CURRENT_TIMESTAMP),
('22222222-2222-4222-8222-222222222222', '22222222-2222-4222-8222-222222222222', 'PAN', 'DOC002', 'url2', 'PENDING', NULL, NULL, NULL, CURRENT_TIMESTAMP, CURRENT_TIMESTAMP),
('33333333-3333-4333-8333-333333333333', '33333333-3333-4333-8333-333333333333', 'AADHAAR', 'DOC003', 'url3', 'APPROVED', 'Verified OK', CURRENT_TIMESTAMP, 'admin', CURRENT_TIMESTAMP, CURRENT_TIMESTAMP),
('44444444-4444-4444-8444-444444444444', '44444444-4444-4444-8444-444444444444', 'WORK_EMAIL', 'DOC004', 'url4', 'REJECTED', 'Blurry image', NULL, 'verifier1', CURRENT_TIMESTAMP, CURRENT_TIMESTAMP),
('55555555-5555-4555-8555-555555555555', '55555555-5555-4555-8555-555555555555', 'AADHAAR', 'DOC005', 'url5', 'PENDING', NULL, NULL, NULL, CURRENT_TIMESTAMP, CURRENT_TIMESTAMP),
('66666666-6666-4666-8666-666666666666', '66666666-6666-4666-8666-666666666666', 'AADHAAR', 'DOC006', 'url6', 'APPROVED', 'Looks good', CURRENT_TIMESTAMP, 'admin', CURRENT_TIMESTAMP, CURRENT_TIMESTAMP),
('77777777-7777-4777-8777-777777777777', '77777777-7777-4777-8777-777777777777', 'PAN', 'DOC007', 'url7', 'PENDING', NULL, NULL, NULL, CURRENT_TIMESTAMP, CURRENT_TIMESTAMP),
('88888888-8888-4888-8888-888888888888', '88888888-8888-4888-8888-888888888888', 'WORK_EMAIL', 'DOC008', 'url8', 'APPROVED', 'Verified', CURRENT_TIMESTAMP, 'admin', CURRENT_TIMESTAMP, CURRENT_TIMESTAMP),
('99999999-9999-4999-8999-999999999999', '99999999-9999-4999-8999-999999999999', 'AADHAAR', 'DOC009', 'url9', 'PENDING', NULL, NULL, NULL, CURRENT_TIMESTAMP, CURRENT_TIMESTAMP),
('aaaaaaaa-aaaa-4aaa-8aaa-aaaaaaaaaaaa', 'aaaaaaaa-aaaa-4aaa-8aaa-aaaaaaaaaaaa', 'PAN', 'DOC010', 'url10', 'REJECTED', 'Mismatch', NULL, 'verifier2', CURRENT_TIMESTAMP, CURRENT_TIMESTAMP);